season_year,year,week,farm,stage,field,shift,crop,variety,inspection_date,inspection_id,season,guideline_detail,berry_total_count,berry_precaliber_count,berry_weight,sample_datetime,precaliber_percentage,state_berry_weight,thr_berry_weight,state_precaliber_percentage,thr_precaliber_percentage
2025,2025,11,C5,E02,C02,T03G,ARÁNDANO,AZRA,2025-03-13,10724965,2025-1,FRUT. CREMOSO,,,,2025-03-13 20:20:49,,missing,4.8,,
2025,2025,11,C6,E05,C03,T02B,ARÁNDANO,TERRAPIN,2025-03-14,10726334,2025-1,FRUT. CREMOSO,,,,2025-03-14 16:33:16,,missing,4.0,,
2025,2025,12,C5,E02,C02,T03G,ARÁNDANO,AZRA,2025-03-18,10730235,2025-1,FRUT. CREMOSO,,,,2025-03-18 17:43:32,,missing,4.8,,
2025,2025,15,A9,E06,C05,T04A,ARÁNDANO,SEKOYA BEAUTY,2025-04-11,10758152,2025-1,FRUT. MADURO,,,4.42,2025-04-11 20:45:14,,invalid,4.3,,
2025,2025,15,A9,E07,C05,T04B,ARÁNDANO,BIANCA,2025-04-08,10753445,2025-1,% PRE CALIBRE,609.0,35.0,,2025-04-08 21:25:52,0.057471264,,,invalid,0.05
2025,2025,16,A9,E06,C05,T04A,ARÁNDANO,SEKOYA BEAUTY,2025-04-14,10760456,2025-1,FRUT. MADURO,,,4.5,2025-04-14 21:22:46,,invalid,4.3,,
2025,2025,16,A9,E07,C04,T04A,ARÁNDANO,SEKOYA BEAUTY,2025-04-16,10763815,2025-1,FRUT. MADURO,,,4.31,2025-04-16 21:32:23,,invalid,4.3,,
2025,2025,16,C5,E03,C02,T04A,ARÁNDANO,VENTURA,2025-04-14,10760200,2025-1,% PRE CALIBRE,370.0,21.0,,2025-04-14 19:40:56,0.056756757,,,invalid,0.05
2025,2025,19,C5,E02,C01,T01A,ARÁNDANO,MÁGICA,2025-05-05,10783905,2025-1,FRUT. MADURO,,,,2025-05-05 16:03:11,,missing,4.0,,
2025,2025,19,C5,E02,C01,T02A,ARÁNDANO,MÁGICA,2025-05-05,10783906,2025-1,FRUT. MADURO,,,,2025-05-05 16:04:05,,missing,4.0,,
2025,2025,19,C5,E02,C01,T03A,ARÁNDANO,MÁGICA,2025-05-05,10783907,2025-1,FRUT. MADURO,,,,2025-05-05 16:05:00,,missing,4.0,,
2025,2025,19,LN,E02,C05,T01A,ARÁNDANO,SEKOYA POP ORGÁNICA,2025-05-08,10788955,2025-1,% PRE CALIBRE,213.0,15.0,,2025-05-08 20:02:38,0.07042254,,,invalid,0.05
2025,2025,19,LN,E02,C05,T04A,ARÁNDANO,SEKOYA POP ORGÁNICA,2025-05-06,10785760,2025-1,% PRE CALIBRE,152.0,8.0,,2025-05-06 20:57:49,0.05263158,,,invalid,0.05
2025,2025,20,A9,E06,C05,T03A,ARÁNDANO,SEKOYA BEAUTY,2025-05-13,10794948,2025-1,FRUT. MADURO,,,4.59,2025-05-13 21:37:36,,invalid,4.3,,
2025,2025,21,A9,E06,C05,T03A,ARÁNDANO,SEKOYA BEAUTY,2025-05-22,10807490,2025-1,FRUT. MADURO,,,4.42,2025-05-22 21:38:51,,invalid,4.3,,
2025,2025,22,A9,E06,C04,T01A,ARÁNDANO,SEKOYA BEAUTY,2025-05-30,10818287,2025-1,FRUT. MADURO,,,4.35,2025-05-30 20:24:14,,invalid,4.3,,
2025,2025,23,A9,E06,C05,T03A,ARÁNDANO,SEKOYA BEAUTY,2025-06-04,10825020,2025-1,FRUT. MADURO,,,4.42,2025-06-04 20:14:23,,invalid,4.3,,
2025,2025,23,A9,E06,C05,T04A,ARÁNDANO,SEKOYA BEAUTY,2025-06-04,10825021,2025-1,FRUT. MADURO,,,4.39,2025-06-04 20:15:22,,invalid,4.3,,
2025,2025,24,A9,E06,C04,T01A,ARÁNDANO,SEKOYA BEAUTY,2025-06-12,10836145,2025-1,FRUT. MADURO,,,4.31,2025-06-12 20:47:19,,invalid,4.3,,
2025,2025,24,A9,E06,C04,T03A,ARÁNDANO,SEKOYA BEAUTY,2025-06-12,10836146,2025-1,FRUT. MADURO,,,4.42,2025-06-12 20:47:57,,invalid,4.3,,
2025,2025,24,A9,E06,C04,T03A,ARÁNDANO,SEKOYA BEAUTY,2025-06-14,10839169,2025-1,FRUT. MADURO,,,4.39,2025-06-14 18:36:04,,invalid,4.3,,
2025,2025,24,A9,E06,C04,T04A,ARÁNDANO,SEKOYA BEAUTY,2025-06-13,10837914,2025-1,FRUT. MADURO,,,4.5,2025-06-13 20:29:22,,invalid,4.3,,
2025,2025,24,A9,E06,C04,T04A,ARÁNDANO,SEKOYA BEAUTY,2025-06-14,10839170,2025-1,FRUT. MADURO,,,4.46,2025-06-14 18:36:27,,invalid,4.3,,
2025,2025,24,A9,E06,C05,T01A,ARÁNDANO,SEKOYA BEAUTY,2025-06-14,10839171,2025-1,FRUT. MADURO,,,4.63,2025-06-14 18:37:00,,invalid,4.3,,
2025,2025,24,A9,E06,C05,T02A,ARÁNDANO,SEKOYA BEAUTY,2025-06-14,10839172,2025-1,FRUT. MADURO,,,4.46,2025-06-14 18:37:24,,invalid,4.3,,
2025,2025,24,A9,E06,C05,T03A,ARÁNDANO,SEKOYA BEAUTY,2025-06-10,10832762,2025-1,FRUT. MADURO,,,4.63,2025-06-10 20:13:09,,invalid,4.3,,
2025,2025,24,A9,E06,C05,T03A,ARÁNDANO,SEKOYA BEAUTY,2025-06-11,10834422,2025-1,FRUT. MADURO,,,4.55,2025-06-11 20:17:05,,invalid,4.3,,
2025,2025,24,A9,E06,C05,T03A,ARÁNDANO,SEKOYA BEAUTY,2025-06-12,10836147,2025-1,FRUT. MADURO,,,4.55,2025-06-12 20:48:22,,invalid,4.3,,
2025,2025,24,A9,E06,C05,T03A,ARÁNDANO,SEKOYA BEAUTY,2025-06-13,10837915,2025-1,FRUT. MADURO,,,4.81,2025-06-13 20:30:08,,invalid,4.3,,
2025,2025,24,A9,E06,C05,T04A,ARÁNDANO,SEKOYA BEAUTY,2025-06-10,10832763,2025-1,FRUT. MADURO,,,4.35,2025-06-10 20:13:38,,invalid,4.3,,
2025,2025,24,A9,E06,C05,T04A,ARÁNDANO,SEKOYA BEAUTY,2025-06-11,10834423,2025-1,FRUT. MADURO,,,4.35,2025-06-11 20:17:27,,invalid,4.3,,
2025,2025,24,A9,E06,C05,T04A,ARÁNDANO,SEKOYA BEAUTY,2025-06-12,10836148,2025-1,FRUT. MADURO,,,4.55,2025-06-12 20:48:51,,invalid,4.3,,
2025,2025,24,A9,E06,C05,T04A,ARÁNDANO,SEKOYA BEAUTY,2025-06-13,10837916,2025-1,FRUT. MADURO,,,4.31,2025-06-13 20:30:39,,invalid,4.3,,
2025,2025,24,A9,E07,C03,T04A,ARÁNDANO,SEKOYA BEAUTY,2025-06-12,10836153,2025-1,FRUT. MADURO,,,4.31,2025-06-12 20:50:51,,invalid,4.3,,
2025,2025,25,A9,E06,C04,T03A,ARÁNDANO,SEKOYA BEAUTY,2025-06-16,10840850,2025-1,FRUT. MADURO,,,4.35,2025-06-16 18:36:52,,invalid,4.3,,
2025,2025,25,A9,E06,C05,T01A,ARÁNDANO,SEKOYA BEAUTY,2025-06-19,10845917,2025-1,FRUT. MADURO,,,4.55,2025-06-19 20:35:13,,invalid,4.3,,
2025,2025,25,A9,E06,C05,T02A,ARÁNDANO,SEKOYA BEAUTY,2025-06-17,10842777,2025-1,FRUT. MADURO,,,4.35,2025-06-17 20:46:44,,invalid,4.3,,
2025,2025,25,A9,E06,C05,T03A,ARÁNDANO,SEKOYA BEAUTY,2025-06-20,10847578,2025-1,FRUT. MADURO,,,4.72,2025-06-20 20:22:11,,invalid,4.3,,
2025,2025,25,A9,E06,C05,T04A,ARÁNDANO,SEKOYA BEAUTY,2025-06-20,10847579,2025-1,FRUT. MADURO,,,4.72,2025-06-20 20:22:42,,invalid,4.3,,
2025,2025,25,A9,E06,C05,T04A,ARÁNDANO,SEKOYA BEAUTY,2025-06-21,10849157,2025-1,FRUT. MADURO,,,4.39,2025-06-21 17:45:13,,invalid,4.3,,
2025,2025,25,A9,E07,C01,T02A,ARÁNDANO,SEKOYA BEAUTY,2025-06-19,10845912,2025-1,FRUT. MADURO,,,4.35,2025-06-19 20:31:30,,invalid,4.3,,
2025,2025,25,C5,E01,C01,T01B,ARÁNDANO,MÁGICA,2025-06-19,e7cc44c9-bb3f-474d-8191-6df026e8098b,2025-1,% Pre Calibre,200.0,132.0,,2025-06-19 16:38:00,0.66,,,invalid,0.05
2025,2025,25,C5,E02,C02,T04G,ARÁNDANO,FCM17-132,2025-06-20,10847304,2025-1,FRUT. MADURO,,,4.14,2025-06-20 17:53:57,,invalid,4.0,,
2025,2025,26,A9,E06,C05,T02A,ARÁNDANO,SEKOYA BEAUTY,2025-06-26,2a820351-467e-4db9-ab3b-c7a6acb35d83,2025-1,Frut. Maduro,,,4.55,2025-06-26 17:24:35,,invalid,4.3,,
2025,2025,26,A9,E06,C05,T03A,ARÁNDANO,SEKOYA BEAUTY,2025-06-23,91c736f2-6401-4320-a7df-cad29b405c47,2025-1,Frut. Maduro,,,4.42,2025-06-23 20:53:53,,invalid,4.3,,
2025,2025,26,A9,E06,C05,T04A,ARÁNDANO,SEKOYA BEAUTY,2025-06-23,5eba9b8c-5eca-469b-ab2e-5bb71403dc82,2025-1,Frut. Maduro,,,4.63,2025-06-23 20:54:19,,invalid,4.3,,
2025,2025,26,C5,E02,C02,T04D,ARÁNDANO,SEKOYA POP,2025-06-26,d4bbd2e2-d22e-4eeb-9c5f-68c79c3e7e74,2025-1,Frut. Maduro,,,4.93,2025-06-26 16:05:23,,invalid,4.8,,
2025,2025,26,C5,E02,C02,T04G,ARÁNDANO,FCM17-132,2025-06-25,3e17e4fd-edab-41f7-a84a-d9216eb65372,2025-1,Frut. Maduro,,,4.65,2025-06-25 15:23:34,,invalid,4.0,,
2025,2025,27,A9,E06,C04,T01A,ARÁNDANO,SEKOYA BEAUTY,2025-07-04,d85aabf2-1ba1-4732-bafa-586ef64bb245,2025-1,Frut. Maduro,,,4.31,2025-07-04 20:09:45,,invalid,4.3,,
2025,2025,27,A9,E06,C05,T03A,ARÁNDANO,SEKOYA BEAUTY,2025-07-02,aa0bcb0b-0263-44e4-a718-6cfb1258dc5f,2025-1,Frut. Maduro,,,4.31,2025-07-02 19:47:14,,invalid,4.3,,
2025,2025,27,C5,E02,C02,T04D,ARÁNDANO,SEKOYA POP,2025-07-03,e78a2454-649a-4a41-8b71-896521e4731e,2025-1,Frut. Maduro,,,4.9,2025-07-03 16:32:34,,invalid,4.8,,
2025,2025,27,C5,E02,C02,T04G,ARÁNDANO,FCM17-132,2025-07-01,ef3a7ebf-53c1-4303-a38b-503c1ff089f5,2025-1,Frut. Maduro,,,4.86,2025-07-01 17:39:35,,invalid,4.0,,
2025,2025,27,C5,E02,C02,T04G,ARÁNDANO,FCM17-132,2025-07-02,aa5cbdfa-d0dd-4d82-af63-4bf0e09acfdc,2025-1,Frut. Maduro,,,5.04,2025-07-02 19:01:29,,invalid,4.0,,
2025,2025,28,A9,E06,C04,T01A,ARÁNDANO,SEKOYA BEAUTY,2025-07-07,d39f956e-36b8-42fa-b6d1-a2f26dc1dcf6,2025-1,Frut. Maduro,,,4.59,2025-07-07 20:30:09,,invalid,4.3,,
2025,2025,28,A9,E06,C04,T01A,ARÁNDANO,SEKOYA BEAUTY,2025-07-12,f58d6afd-c43b-4057-af3d-9038c898652d,2025-1,Frut. Maduro,,,4.46,2025-07-12 17:28:15,,invalid,4.3,,
2025,2025,28,A9,E06,C04,T02A,ARÁNDANO,SEKOYA BEAUTY,2025-07-07,f40f66dc-07e8-4ef6-8bed-eddfeffa194c,2025-1,Frut. Maduro,,,4.59,2025-07-07 20:30:52,,invalid,4.3,,
2025,2025,28,A9,E06,C04,T03A,ARÁNDANO,SEKOYA BEAUTY,2025-07-08,52d64db3-704c-4311-a044-2af3d0152d20,2025-1,Frut. Maduro,,,4.35,2025-07-08 19:02:27,,invalid,4.3,,
2025,2025,28,A9,E06,C04,T04A,ARÁNDANO,SEKOYA BEAUTY,2025-07-12,1e8448ac-2c3a-47a8-aa72-2a05157b6912,2025-1,Frut. Maduro,,,4.31,2025-07-12 17:29:07,,invalid,4.3,,
2025,2025,28,A9,E07,C03,T03A,ARÁNDANO,SEKOYA BEAUTY,2025-07-11,be0d86b4-6c61-4377-8c00-b84fd34bae04,2025-1,Frut. Maduro,,,4.39,2025-07-11 20:08:16,,invalid,4.3,,
2025,2025,28,A9,E07,C03,T03A,ARÁNDANO,SEKOYA BEAUTY,2025-07-12,ac761700-c3ae-4365-ba91-0775a6181782,2025-1,Frut. Maduro,,,4.63,2025-07-12 17:33:14,,invalid,4.3,,
2025,2025,28,A9,E07,C04,T04A,ARÁNDANO,SEKOYA BEAUTY,2025-07-07,55b88210-ecba-4a18-9e9d-1d954015b3b5,2025-1,Frut. Maduro,,,4.35,2025-07-07 20:39:31,,invalid,4.3,,
2025,2025,28,C5,E02,C02,T04D,ARÁNDANO,SEKOYA POP,2025-07-07,4072dd4c-e72c-42b5-8df0-68e667c6b2eb,2025-1,Frut. Maduro,,,4.98,2025-07-07 19:19:46,,invalid,4.8,,
2025,2025,28,C5,E02,C02,T04G,ARÁNDANO,FCM17-132,2025-07-11,b57a952d-4542-424d-bc57-9c7322a9c972,2025-1,Frut. Maduro,,,4.82,2025-07-11 18:04:02,,invalid,4.0,,
2025,2025,28,C5,E02,C05,T04B,ARÁNDANO,ARANA,2025-07-12,37b3bf0c-7f83-4010-b7e4-55835e3d70f6,2025-1,Frut. Maduro,,,4.05,2025-07-12 17:24:52,,invalid,4.0,,
2025,2025,28,C6,E05,C03,T04B,ARÁNDANO,ARANA,2025-07-11,2980486b-ff3f-4117-9b21-9eeea40b6eed,2025-1,Frut. Maduro,,,4.34,2025-07-11 19:05:32,,invalid,4.0,,
2025,2025,29,A9,E06,C04,T01A,ARÁNDANO,SEKOYA BEAUTY,2025-07-15,f1a0abd6-57ad-4eca-8d5f-0afea0cf6760,2025-1,Frut. Maduro,,,4.46,2025-07-15 19:37:45,,invalid,4.3,,
2025,2025,29,A9,E06,C04,T02A,ARÁNDANO,SEKOYA BEAUTY,2025-07-14,5867b851-8e27-4a41-8845-065b953da68d,2025-1,Frut. Maduro,,,4.5,2025-07-14 20:32:33,,invalid,4.3,,
2025,2025,29,A9,E06,C04,T02A,ARÁNDANO,SEKOYA BEAUTY,2025-07-15,3911fcf1-abb4-4658-879a-bbaaa927bde1,2025-1,Frut. Maduro,,,4.39,2025-07-15 19:38:05,,invalid,4.3,,
2025,2025,29,A9,E07,C02,T03A,ARÁNDANO,SEKOYA POP,2025-07-15,874cbcae-6398-4c0a-b6bc-b29d352dd45f,2025-1,Frut. Maduro,,,4.81,2025-07-15 19:44:01,,invalid,4.8,,
2025,2025,29,A9,E07,C04,T04A,ARÁNDANO,SEKOYA BEAUTY,2025-07-15,9c21cd9b-9906-47fb-a08f-77d51ba93278,2025-1,Frut. Maduro,,,4.55,2025-07-15 19:41:35,,invalid,4.3,,
2025,2025,29,A9,E07,C04,T04A,ARÁNDANO,SEKOYA BEAUTY,2025-07-16,a091a567-0a74-4e1c-9139-cb97634247f1,2025-1,Frut. Maduro,,,4.42,2025-07-16 18:58:15,,invalid,4.3,,
2025,2025,29,A9,E07,C04,T05A,ARÁNDANO,SEKOYA BEAUTY,2025-07-15,a85e1028-6108-45a4-8a80-a1efbacad1f7,2025-1,Frut. Maduro,,,4.46,2025-07-15 19:42:01,,invalid,4.3,,
2025,2025,29,C5,E02,C01,T03B,ARÁNDANO,BELLA,2025-07-17,ff671d70-f1ed-4f62-8fad-0ccc9e2ae396,2025-1,Frut. Maduro,,,4.65,2025-07-17 19:57:19,,invalid,4.0,,
2025,2025,29,C5,E02,C01,T04A,ARÁNDANO,BELLA,2025-07-17,a8fb6eb4-68fd-4ec6-83a2-33265578e745,2025-1,Frut. Maduro,,,4.3,2025-07-17 19:57:43,,invalid,4.0,,
2025,2025,29,C5,E02,C02,T04D,ARÁNDANO,SEKOYA POP,2025-07-19,20515353-a613-41c1-a926-d9c8e84bff1c,2025-1,Frut. Maduro,,,4.98,2025-07-19 18:13:16,,invalid,4.8,,
2025,2025,29,C5,E02,C02,T04G,ARÁNDANO,FCM17-132,2025-07-19,211d8e97-315e-4e42-8ac3-9c09ab37d117,2025-1,Frut. Maduro,,,4.61,2025-07-19 18:13:56,,invalid,4.0,,
2025,2025,29,C5,E02,C02,T04I,ARÁNDANO,FCM14-057,2025-07-19,c39ddcb3-237a-42aa-9623-1febef18897c,2025-1,Frut. Maduro,,,4.68,2025-07-19 18:14:37,,invalid,4.0,,
2025,2025,29,C5,E02,C05,T03B,ARÁNDANO,ARANA,2025-07-17,15df2b43-3295-4c76-a35d-7c2386c49912,2025-1,Frut. Maduro,,,4.13,2025-07-17 17:58:09,,invalid,4.0,,
2025,2025,29,C5,E02,C05,T03D,ARÁNDANO,SEKOYA POP,2025-07-17,165e5d0b-5ad0-4c09-a822-cabda8dbc0f4,2025-1,Frut. Maduro,,,5.01,2025-07-17 17:58:42,,invalid,4.8,,
2025,2025,29,C6,E05,C03,T03C,ARÁNDANO,ARANA,2025-07-18,7bc06f75-b867-4300-8cf2-7592d2530179,2025-1,Frut. Maduro,,,4.42,2025-07-18 20:11:01,,invalid,4.0,,
2025,2025,29,C6,E05,C03,T04B,ARÁNDANO,ARANA,2025-07-18,508008a9-2fe9-40fb-81b6-41cd0d09c778,2025-1,Frut. Maduro,,,4.3,2025-07-18 20:12:30,,invalid,4.0,,
2025,2025,30,A9,E06,C04,T01A,ARÁNDANO,SEKOYA BEAUTY,2025-07-23,5339afc5-3d91-4418-a2a9-bef0e6f5788d,2025-1,Frut. Maduro,,,4.42,2025-07-23 20:37:30,,invalid,4.3,,
2025,2025,30,A9,E06,C04,T01A,ARÁNDANO,SEKOYA BEAUTY,2025-07-25,43900b1c-3e6d-4bb7-96cc-f174e858cf05,2025-1,Frut. Maduro,,,4.5,2025-07-25 20:10:59,,invalid,4.3,,
2025,2025,30,A9,E06,C04,T03A,ARÁNDANO,SEKOYA BEAUTY,2025-07-22,86bec766-8767-4c58-afc8-94fa44e37193,2025-1,Frut. Maduro,,,4.35,2025-07-22 17:16:04,,invalid,4.3,,
2025,2025,30,A9,E06,C04,T04A,ARÁNDANO,SEKOYA BEAUTY,2025-07-22,cdf57ae5-918b-4d5c-a938-e3c4b4516b68,2025-1,Frut. Maduro,,,4.31,2025-07-22 17:16:31,,invalid,4.3,,
2025,2025,30,A9,E07,C02,T03A,ARÁNDANO,SEKOYA POP,2025-07-24,d95dd56c-e3f4-486e-ab13-96856308fc16,2025-1,Frut. Maduro,,,5.0,2025-07-24 20:36:58,,invalid,4.8,,
2025,2025,30,A9,E07,C02,T03A,ARÁNDANO,SEKOYA POP,2025-07-26,77a6d0f1-75e6-4054-9d17-bdb7d215c723,2025-1,Frut. Maduro,,,5.0,2025-07-26 17:45:24,,invalid,4.8,,
2025,2025,30,A9,E07,C03,T01A,ARÁNDANO,SEKOYA BEAUTY,2025-07-26,1bf3937d-4a83-4d16-8eea-c27cfb0c9874,2025-1,Frut. Maduro,,,4.35,2025-07-26 17:45:49,,invalid,4.3,,
2025,2025,30,A9,E07,C04,T04A,ARÁNDANO,SEKOYA BEAUTY,2025-07-24,2d42b5d1-1976-4ee8-8a7c-5724f879e960,2025-1,Frut. Maduro,,,4.46,2025-07-24 20:35:45,,invalid,4.3,,
2025,2025,30,C5,E02,C01,T03B,ARÁNDANO,BELLA,2025-07-25,0899bac5-24e9-4f32-82dc-f56d887c05f4,2025-1,Frut. Maduro,,,4.02,2025-07-25 18:17:29,,invalid,4.0,,
2025,2025,30,C5,E02,C01,T04A,ARÁNDANO,BELLA,2025-07-25,8275fdb3-5a5a-4017-bd9d-cb09e93b78b5,2025-1,Frut. Maduro,,,4.47,2025-07-25 18:18:22,,invalid,4.0,,
2025,2025,30,C5,E02,C02,T04I,ARÁNDANO,FCM14-057,2025-07-25,77668079-fdee-4102-b842-7a402186b74c,2025-1,Frut. Maduro,,,5.22,2025-07-25 16:50:32,,invalid,4.0,,
2025,2025,30,C5,E02,C02,T04M,ARÁNDANO,ALBUS(FL 11-051),2025-07-25,72afa05e-969f-48fe-abf2-8a7a209ae0de,2025-1,Frut. Maduro,,,4.08,2025-07-25 16:51:02,,invalid,4.0,,
2025,2025,30,C5,E02,C05,T03B,ARÁNDANO,ARANA,2025-07-24,60f62e73-4279-4ac8-b3eb-b2313cc433d6,2025-1,Frut. Maduro,,,4.19,2025-07-24 19:11:57,,invalid,4.0,,
2025,2025,30,C5,E02,C05,T03B,ARÁNDANO,ARANA,2025-07-25,278b245a-8780-4ff4-8540-ec264b425c02,2025-1,Frut. Maduro,,,4.4,2025-07-25 17:04:06,,invalid,4.0,,
2025,2025,30,C5,E02,C05,T03D,ARÁNDANO,SEKOYA POP,2025-07-24,280893eb-4bfe-4563-8797-979edf71b974,2025-1,Frut. Maduro,,,5.05,2025-07-24 19:13:13,,invalid,4.8,,
2025,2025,30,C5,E02,C05,T03D,ARÁNDANO,SEKOYA POP,2025-07-25,f3e0edba-6663-4c32-9f66-696f6cfe4dea,2025-1,Frut. Maduro,,,4.98,2025-07-25 17:05:55,,invalid,4.8,,
2025,2025,30,C5,E02,C05,T04B,ARÁNDANO,ARANA,2025-07-24,ccbfa5eb-0b2d-4e5f-bba4-3cb97af2e9fd,2025-1,Frut. Maduro,,,4.31,2025-07-24 19:14:29,,invalid,4.0,,
2025,2025,30,C5,E02,C05,T04B,ARÁNDANO,ARANA,2025-07-25,0683291e-48ed-43ae-a6f0-e968f8c45f78,2025-1,Frut. Maduro,,,4.25,2025-07-25 17:07:30,,invalid,4.0,,
2025,2025,30,C6,E05,C03,T03C,ARÁNDANO,ARANA,2025-07-25,6d0a4785-2901-4977-a89b-4361e45859c0,2025-1,Frut. Maduro,,,4.42,2025-07-25 16:33:08,,invalid,4.0,,
2025,2025,30,C6,E05,C03,T04B,ARÁNDANO,ARANA,2025-07-25,d0fb49c6-ada2-4477-8dc3-42591d0130f2,2025-1,Frut. Maduro,,,4.29,2025-07-25 16:34:31,,invalid,4.0,,
2025,2025,31,A9,E06,C04,T01A,ARÁNDANO,SEKOYA BEAUTY,2025-08-01,be7f1507-e399-4cb7-a49c-03587a731c4c,2025-1,Frut. Maduro,,,4.35,2025-08-01 19:50:24,,invalid,4.3,,
2025,2025,31,A9,E07,C01,T04A,ARÁNDANO,SEKOYA BEAUTY,2025-08-02,65003aad-ba3c-4b3f-9a19-7c945ed40236,2025-1,Frut. Maduro,,,4.35,2025-08-02 17:27:07,,invalid,4.3,,
2025,2025,31,A9,E07,C03,T02A,ARÁNDANO,SEKOYA BEAUTY,2025-08-01,0f1b5566-9052-4cc0-8c39-ee6baef608ca,2025-1,Frut. Maduro,,,4.42,2025-08-01 19:52:54,,invalid,4.3,,
2025,2025,31,A9,E07,C03,T03A,ARÁNDANO,SEKOYA BEAUTY,2025-07-30,6e66356f-22c2-4ddf-841e-6656e6af953f,2025-1,Frut. Maduro,,,4.31,2025-07-30 20:17:22,,invalid,4.3,,
2025,2025,31,A9,E07,C03,T04A,ARÁNDANO,SEKOYA BEAUTY,2025-07-30,f4b1a31f-710d-4f58-b9f0-b5b57a1a25dd,2025-1,Frut. Maduro,,,4.42,2025-07-30 20:18:03,,invalid,4.3,,
2025,2025,31,A9,E07,C04,T05A,ARÁNDANO,SEKOYA BEAUTY,2025-08-02,1e8b8454-5dd9-4000-93f1-fb561e3d22d5,2025-1,Frut. Maduro,,,4.55,2025-08-02 17:29:07,,invalid,4.3,,
2025,2025,31,C5,E02,C01,T03B,ARÁNDANO,BELLA,2025-07-30,2af76dfb-8420-4efe-aecd-1dbee9fc387a,2025-1,Frut. Maduro,,,4.38,2025-07-30 17:25:09,,invalid,4.0,,
2025,2025,31,C5,E02,C01,T04A,ARÁNDANO,BELLA,2025-08-02,8e8a0116-8bbe-41f0-9026-1a711f93999c,2025-1,Frut. Maduro,,,4.58,2025-08-02 17:23:25,,invalid,4.0,,
2025,2025,31,C5,E02,C02,T03J,ARÁNDANO,MÁGICA,2025-08-02,89d35d98-898f-4806-ae44-bd7a1dec7631,2025-1,Frut. Maduro,,,4.54,2025-08-02 17:27:04,,invalid,4.0,,
2025,2025,31,C5,E02,C02,T04D,ARÁNDANO,SEKOYA POP,2025-08-01,a66db9b4-7b35-46b6-8068-cf9d9dd733df,2025-1,Frut. Maduro,,,4.95,2025-08-01 19:28:49,,invalid,4.8,,
2025,2025,31,C5,E02,C02,T04G,ARÁNDANO,FCM17-132,2025-07-29,9a00a6f8-a7f4-475b-98f7-2d56a20bdcac,2025-1,Frut. Maduro,,,4.86,2025-07-29 19:08:22,,invalid,4.0,,
2025,2025,31,C5,E02,C02,T04I,ARÁNDANO,FCM14-057,2025-08-01,0a52d562-c5d5-4cb6-a44c-5fc9d1bf4748,2025-1,Frut. Maduro,,,5.38,2025-08-01 19:29:17,,invalid,4.0,,
2025,2025,31,C5,E02,C05,T03B,ARÁNDANO,ARANA,2025-08-02,eb6b3b90-4889-48c1-bc7c-43d29678d54c,2025-1,Frut. Maduro,,,4.67,2025-08-02 17:28:28,,invalid,4.0,,
2025,2025,31,C5,E02,C05,T03D,ARÁNDANO,SEKOYA POP,2025-08-02,9e650c9c-1300-44cf-b1d5-3d86c73912c9,2025-1,Frut. Maduro,,,5.43,2025-08-02 17:29:26,,invalid,4.8,,
2025,2025,31,C5,E02,C05,T04B,ARÁNDANO,ARANA,2025-08-02,b92060c8-1d6c-46d4-9550-5acae139d9e8,2025-1,Frut. Maduro,,,4.61,2025-08-02 17:30:06,,invalid,4.0,,
2025,2025,31,C6,E04,C01,T03A,ARÁNDANO,ATLAS,2025-07-31,4886077c-0762-477f-9212-d3d7976582af,2025-1,Frut. Maduro,,,4.34,2025-07-31 19:30:00,,invalid,4.0,,
2025,2025,31,C6,E04,C02,T03B,ARÁNDANO,SEKOYA POP,2025-08-02,ddab3823-e9ad-45c8-b7b9-73abfb92e3f1,2025-1,Frut. Maduro,,,5.22,2025-08-02 17:32:14,,invalid,4.8,,
2025,2025,31,C6,E05,C03,T03C,ARÁNDANO,ARANA,2025-08-01,28060f93-9303-4c8e-92d5-dc5c2c4db6aa,2025-1,Frut. Maduro,,,5.14,2025-08-01 19:42:40,,invalid,4.0,,
2025,2025,31,C6,E05,C03,T04B,ARÁNDANO,ARANA,2025-08-01,00dbb741-3dfe-4db8-b320-b96ee0286fbe,2025-1,Frut. Maduro,,,4.21,2025-08-01 20:00:16,,invalid,4.0,,
2025,2025,32,A9,E07,C03,T03A,ARÁNDANO,SEKOYA BEAUTY,2025-08-08,234b3bb4-8dff-4860-b33d-31f4c1672345,2025-1,Frut. Maduro,,,4.55,2025-08-08 20:09:05,,invalid,4.3,,
2025,2025,32,A9,E07,C03,T04A,ARÁNDANO,SEKOYA BEAUTY,2025-08-08,91c4d128-8810-4d28-b242-d62afe7ea293,2025-1,Frut. Maduro,,,4.31,2025-08-08 20:10:13,,invalid,4.3,,
2025,2025,32,A9,E07,C04,T04A,ARÁNDANO,SEKOYA BEAUTY,2025-08-06,aba97d16-6745-4f1b-aedf-249f8a62c3c4,2025-1,Frut. Maduro,,,4.72,2025-08-06 19:40:09,,invalid,4.3,,
2025,2025,32,A9,E07,C04,T04A,ARÁNDANO,SEKOYA BEAUTY,2025-08-07,c1f0e453-c9d8-442f-a11a-f52fb0cda957,2025-1,Frut. Maduro,,,4.76,2025-08-07 20:36:51,,invalid,4.3,,
2025,2025,32,A9,E07,C04,T05A,ARÁNDANO,SEKOYA BEAUTY,2025-08-06,239a4079-b237-4407-9d81-c44fb890e305,2025-1,Frut. Maduro,,,4.76,2025-08-06 19:40:43,,invalid,4.3,,
2025,2025,32,C5,E02,C01,T03B,ARÁNDANO,BELLA,2025-08-06,63c2eff3-891c-4287-bb06-30cdf2663742,2025-1,Frut. Maduro,,,5.1,2025-08-06 18:19:55,,invalid,4.0,,
2025,2025,32,C5,E02,C01,T04A,ARÁNDANO,BELLA,2025-08-06,fe7c5029-05cf-4abc-8fde-5c13ca7f721d,2025-1,Frut. Maduro,,,4.95,2025-08-06 18:20:21,,invalid,4.0,,
2025,2025,32,C5,E02,C02,T04G,ARÁNDANO,FCM17-132,2025-08-08,c1dc3c87-520f-4f73-be72-59a43590d43b,2025-1,Frut. Maduro,,,4.77,2025-08-08 19:00:55,,invalid,4.0,,
2025,2025,32,C5,E02,C02,T04I,ARÁNDANO,FCM14-057,2025-08-05,8e2896a5-2edc-40c2-babb-8b003c35fdf6,2025-1,Frut. Maduro,,,4.38,2025-08-05 20:17:07,,invalid,4.0,,
2025,2025,32,C5,E02,C02,T04I,ARÁNDANO,FCM14-057,2025-08-08,cdbdddf0-0b6b-4428-a860-ef4099d31581,2025-1,Frut. Maduro,,,5.39,2025-08-08 19:01:33,,invalid,4.0,,
2025,2025,32,C5,E02,C05,T03B,ARÁNDANO,ARANA,2025-08-05,80de0929-8f0a-4e33-88c4-746d32400341,2025-1,Frut. Maduro,,,4.43,2025-08-05 20:19:09,,invalid,4.0,,
2025,2025,32,C5,E02,C05,T04B,ARÁNDANO,ARANA,2025-08-05,11bedb6e-451f-4142-b543-81236913e2d1,2025-1,Frut. Maduro,,,4.2,2025-08-05 20:19:53,,invalid,4.0,,
2025,2025,32,C5,E03,C05,T04A,ARÁNDANO,VENTURA,2025-08-08,6f34d863-5c23-4c3c-a92a-8b88539bc4de,2025-1,Frut. Maduro,,,4.09,2025-08-08 19:27:40,,invalid,4.0,,
2025,2025,32,C6,E04,C02,T03A,ARÁNDANO,SEKOYA BEAUTY,2025-08-09,dfc911fd-f19f-483f-ae41-d368c1dd93fb,2025-1,Frut. Maduro,,,4.86,2025-08-09 17:26:35,,invalid,4.3,,
2025,2025,32,C6,E05,C03,T02D,ARÁNDANO,SEKOYA POP,2025-08-08,09628650-9136-40d4-a36c-9bcd9a0a91b2,2025-1,Frut. Maduro,,,4.97,2025-08-08 19:26:19,,invalid,4.8,,
2025,2025,32,C6,E05,C03,T03C,ARÁNDANO,ARANA,2025-08-05,f45c69a3-57b1-4fa9-a790-6f3c0ddf1e42,2025-1,Frut. Maduro,,,5.21,2025-08-05 20:41:26,,invalid,4.0,,
2025,2025,32,C6,E05,C03,T04B,ARÁNDANO,ARANA,2025-08-05,b21e2952-e3f6-4165-92d5-15e1550af597,2025-1,Frut. Maduro,,,5.05,2025-08-05 20:42:20,,invalid,4.0,,
2025,2025,33,A9,E07,C01,T04A,ARÁNDANO,SEKOYA BEAUTY,2025-08-13,de53c9c0-b604-4b9c-b704-c1d8785b9298,2025-1,Frut. Maduro,,,4.39,2025-08-13 20:21:23,,invalid,4.3,,
2025,2025,33,A9,E07,C03,T03A,ARÁNDANO,SEKOYA BEAUTY,2025-08-11,808cdeb6-f5a0-4076-9242-034569bbb4f0,2025-1,Frut. Maduro,,,4.59,2025-08-11 20:30:59,,invalid,4.3,,
2025,2025,33,A9,E07,C04,T02A,ARÁNDANO,SEKOYA BEAUTY,2025-08-11,06560c4c-bcc2-43ea-9957-d07f85006fd0,2025-1,Frut. Maduro,,,4.35,2025-08-11 20:32:09,,invalid,4.3,,
2025,2025,33,A9,E07,C04,T05A,ARÁNDANO,SEKOYA BEAUTY,2025-08-13,7b0250d1-cb43-486e-9e7c-506a13937a09,2025-1,Frut. Maduro,,,4.5,2025-08-13 20:23:50,,invalid,4.3,,
2025,2025,33,A9,E08,C04,T01A,ARÁNDANO,SEKOYA POP,2025-08-15,bbabe618-784b-4f27-9ea9-1053076cbfac,2025-1,Frut. Maduro,,,4.9,2025-08-15 20:33:29,,invalid,4.8,,
2025,2025,33,A9,E08,C04,T02A,ARÁNDANO,SEKOYA POP,2025-08-15,0bf5caff-3d6a-4500-80ec-0d6f4951f986,2025-1,Frut. Maduro,,,4.9,2025-08-15 20:33:54,,invalid,4.8,,
2025,2025,33,A9,E08,C04,T03A,ARÁNDANO,SEKOYA POP,2025-08-15,113b3474-d9c0-4237-afa0-1d311185995e,2025-1,Frut. Maduro,,,5.49,2025-08-15 20:34:23,,invalid,4.8,,
2025,2025,33,C5,E02,C01,T03B,ARÁNDANO,BELLA,2025-08-11,a8ec7bce-93bb-477c-8863-b34dcdb876e3,2025-1,Frut. Maduro,,,4.58,2025-08-11 20:09:47,,invalid,4.0,,
2025,2025,33,C5,E02,C01,T04A,ARÁNDANO,BELLA,2025-08-11,257c96ea-f8cd-4819-8bb5-b61eb655ce64,2025-1,Frut. Maduro,,,4.57,2025-08-11 21:08:56,,invalid,4.0,,
2025,2025,33,C5,E02,C01,T04A,ARÁNDANO,BELLA,2025-08-11,a56eb6d4-4731-454b-948c-159a73a8dd50,2025-1,Frut. Maduro,,,4.57,2025-08-11 20:12:52,,invalid,4.0,,
2025,2025,33,C5,E02,C02,T01C,ARÁNDANO,SEKOYA POP,2025-08-14,0de8dbe2-4031-4f2c-8a6a-8793e48fdab0,2025-1,Frut. Maduro,,,4.98,2025-08-14 19:12:35,,invalid,4.8,,
2025,2025,33,C5,E02,C02,T04G,ARÁNDANO,FCM17-132,2025-08-11,a505cff7-aa09-4980-a45b-ecefd9c177fa,2025-1,Frut. Maduro,,,4.55,2025-08-11 20:15:04,,invalid,4.0,,
2025,2025,33,C5,E02,C02,T04G,ARÁNDANO,FCM17-132,2025-08-11,b3761617-a400-490f-8bfd-bb2e017bcad7,2025-1,Frut. Maduro,,,4.55,2025-08-11 21:10:42,,invalid,4.0,,
2025,2025,33,C5,E02,C02,T04G,ARÁNDANO,FCM17-132,2025-08-15,141e90c8-6e36-4a3c-a2d1-0cc47047494b,2025-1,Frut. Maduro,,,4.09,2025-08-15 20:58:39,,invalid,4.0,,
2025,2025,33,C5,E02,C02,T04I,ARÁNDANO,FCM14-057,2025-08-13,feb2c1f6-467a-495f-bcf4-f882e6d22cbb,2025-1,Frut. Maduro,,,4.81,2025-08-13 19:44:54,,invalid,4.0,,
2025,2025,33,C5,E02,C02,T04P,ARÁNDANO,FL-10-179,2025-08-13,32e0ed39-9eec-4d40-baff-c2687eddaf81,2025-1,Frut. Maduro,,,4.1,2025-08-13 19:46:01,,invalid,4.0,,
2025,2025,33,C5,E02,C05,T01B,ARÁNDANO,SEKOYA POP,2025-08-16,c05226b0-b7a2-4b4e-9ef9-3a1658221847,2025-1,Frut. Maduro,,,5.16,2025-08-16 16:02:49,,invalid,4.8,,
2025,2025,33,C5,E02,C05,T03B,ARÁNDANO,ARANA,2025-08-11,670dccdf-2390-4202-80b5-4193e0f8f68e,2025-1,Frut. Maduro,,,5.05,2025-08-11 20:16:57,,invalid,4.0,,
2025,2025,33,C5,E02,C05,T03B,ARÁNDANO,ARANA,2025-08-11,8ef1d264-b7d2-42db-95df-47e37e97efff,2025-1,Frut. Maduro,,,5.05,2025-08-11 21:12:36,,invalid,4.0,,
2025,2025,33,C5,E02,C05,T04B,ARÁNDANO,ARANA,2025-08-13,5da097a1-c10d-491c-9cc9-12939ffbd0fa,2025-1,Frut. Maduro,,,4.5,2025-08-13 19:51:58,,invalid,4.0,,
2025,2025,33,C5,E03,C02,T04A,ARÁNDANO,VENTURA,2025-08-15,7f9b3054-c48a-4b64-a780-8130566b6400,2025-1,Frut. Maduro,,,4.06,2025-08-15 20:46:06,,invalid,4.0,,
2025,2025,33,C5,E03,C06,T01D,ARÁNDANO,REGINA,2025-08-15,7de75a43-b95c-4395-b6c0-3b01196b6dae,2025-1,Frut. Maduro,,,4.07,2025-08-15 20:46:51,,invalid,4.0,,
2025,2025,33,C5,E03,C06,T01D,ARÁNDANO,REGINA,2025-08-15,7de75a43-b95c-4395-b6c0-3b01196b6dae,2025-1,Frut. Maduro,,,4.07,2025-08-15 20:46:51,,invalid,4.0,,
2025,2025,33,C6,E04,C02,T01A,ARÁNDANO,SEKOYA BEAUTY,2025-08-11,3056856d-2b6e-4fca-8748-a685004e56fb,2025-1,Frut. Maduro,,,4.6,2025-08-11 21:21:51,,invalid,4.3,,
2025,2025,33,C6,E04,C02,T01A,ARÁNDANO,SEKOYA BEAUTY,2025-08-11,e49c31b3-17c3-4b8b-9613-fbacdf1c113f,2025-1,Frut. Maduro,,,4.6,2025-08-11 20:25:22,,invalid,4.3,,
2025,2025,33,C6,E04,C02,T02A,ARÁNDANO,SEKOYA BEAUTY,2025-08-11,3a32eb0f-fd22-4b7b-98a1-aaf64d4cbabe,2025-1,Frut. Maduro,,,4.39,2025-08-11 21:22:20,,invalid,4.3,,
2025,2025,33,C6,E04,C02,T02A,ARÁNDANO,SEKOYA BEAUTY,2025-08-11,8e0a8173-e5c6-4d99-956c-b189bf0da045,2025-1,Frut. Maduro,,,4.39,2025-08-11 20:26:00,,invalid,4.3,,
2025,2025,33,C6,E04,C02,T02A,ARÁNDANO,SEKOYA BEAUTY,2025-08-15,750f7fce-0cef-47a0-a7a1-d6914db481b4,2025-1,Frut. Maduro,,,4.85,2025-08-15 20:54:06,,invalid,4.3,,
2025,2025,33,C6,E04,C02,T03B,ARÁNDANO,SEKOYA POP,2025-08-15,ffe38e78-b9d0-4c4b-8e49-2e3314386342,2025-1,Frut. Maduro,,,5.02,2025-08-15 20:54:35,,invalid,4.8,,
2025,2025,33,C6,E05,C02,T02B,ARÁNDANO,RAYMI,2025-08-16,81991f8d-c22a-41f7-bd89-f35f62234d1e,2025-1,Frut. Maduro,,,4.53,2025-08-16 16:05:33,,invalid,4.0,,
2025,2025,33,C6,E05,C02,T03B,ARÁNDANO,RAYMI,2025-08-16,302dda3c-7787-415c-a91e-c923811a13fd,2025-1,Frut. Maduro,,,4.31,2025-08-16 16:06:35,,invalid,4.0,,
2025,2025,33,C6,E05,C02,T04D,ARÁNDANO,RAYMI,2025-08-16,b0913462-de74-4123-9ee9-a14895882f81,2025-1,Frut. Maduro,,,4.4,2025-08-16 16:07:19,,invalid,4.0,,
2025,2025,33,C6,E05,C02,T08D,ARÁNDANO,RAYMI,2025-08-16,b553ba97-a89a-46be-94d2-d2f6b04ce118,2025-1,Frut. Maduro,,,4.32,2025-08-16 16:08:55,,invalid,4.0,,
2025,2025,33,C6,E05,C03,T03C,ARÁNDANO,ARANA,2025-08-13,d6a0beec-cc59-4a1f-a7e2-c647c39e9065,2025-1,Frut. Maduro,,,4.31,2025-08-13 20:04:42,,invalid,4.0,,
2025,2025,33,C6,E05,C03,T04B,ARÁNDANO,ARANA,2025-08-13,03ac2225-374d-403a-8e8b-dd8ff6257560,2025-1,Frut. Maduro,,,4.59,2025-08-13 20:08:03,,invalid,4.0,,
2025,2025,34,A9,E07,C01,T02A,ARÁNDANO,SEKOYA BEAUTY,2025-08-19,87fee9a2-9e6a-4b18-845e-954e40a3dccd,2025-1,Frut. Maduro,,,4.46,2025-08-19 20:45:04,,invalid,4.3,,
2025,2025,34,A9,E07,C03,T02A,ARÁNDANO,SEKOYA BEAUTY,2025-08-22,6c6ee370-5435-4824-bd0b-10385078a874,2025-1,Frut. Maduro,,,4.31,2025-08-22 19:19:10,,invalid,4.3,,
2025,2025,34,A9,E07,C03,T03A,ARÁNDANO,SEKOYA BEAUTY,2025-08-20,da1d7ab2-fe69-4e51-90f9-82f7ec8b38d2,2025-1,Frut. Maduro,,,4.42,2025-08-20 20:22:59,,invalid,4.3,,
2025,2025,34,A9,E07,C04,T04A,ARÁNDANO,SEKOYA BEAUTY,2025-08-19,385ca1e2-7794-4ca5-bb10-e5ba157ab26f,2025-1,Frut. Maduro,,,4.39,2025-08-19 20:46:32,,invalid,4.3,,
2025,2025,34,A9,E07,C04,T05A,ARÁNDANO,SEKOYA BEAUTY,2025-08-18,38a26929-37e3-4629-9459-cae86fa4afd3,2025-1,Frut. Maduro,,,4.85,2025-08-18 20:36:57,,invalid,4.3,,
2025,2025,34,A9,E07,C04,T05A,ARÁNDANO,SEKOYA BEAUTY,2025-08-19,e81c4fac-3a2e-454d-9df0-ac5700d809bf,2025-1,Frut. Maduro,,,4.5,2025-08-19 20:46:57,,invalid,4.3,,
2025,2025,34,A9,E07,C06,T02A,ARÁNDANO,BIANCA,2025-08-23,f0eb7bf1-c669-46fd-9f02-5a88a1e9ef7a,2025-1,Frut. Maduro,,,4.72,2025-08-23 17:23:39,,invalid,4.5,,
2025,2025,34,A9,E08,C04,T02A,ARÁNDANO,SEKOYA POP,2025-08-18,60366c59-7a12-4540-960b-1fe5d51250f9,2025-1,Frut. Maduro,,,4.9,2025-08-18 20:46:53,,invalid,4.8,,
2025,2025,34,A9,E08,C04,T03A,ARÁNDANO,SEKOYA POP,2025-08-18,fd5d7061-945f-428b-a8ee-fa8e11b28f5a,2025-1,Frut. Maduro,,,4.95,2025-08-18 20:47:18,,invalid,4.8,,
2025,2025,34,C5,E02,C01,T03B,ARÁNDANO,BELLA,2025-08-18,12f020b3-61f0-4711-b38a-bc55dd3554cb,2025-1,Frut. Maduro,,,4.2,2025-08-18 21:36:47,,invalid,4.0,,
2025,2025,34,C5,E02,C01,T04A,ARÁNDANO,BELLA,2025-08-18,1960f459-741b-4e12-a0bc-2ff67cd70ae1,2025-1,Frut. Maduro,,,4.81,2025-08-18 21:38:18,,invalid,4.0,,
2025,2025,34,C5,E02,C02,T04D,ARÁNDANO,SEKOYA POP,2025-08-23,2f42ddf0-3a73-40ca-aa7c-a28dff2efe47,2025-1,Frut. Maduro,,,4.83,2025-08-23 18:05:16,,invalid,4.8,,
2025,2025,34,C5,E02,C02,T04G,ARÁNDANO,FCM17-132,2025-08-20,c1612b4b-dfd0-4e55-8cba-7d067a19f017,2025-1,Frut. Maduro,,,4.13,2025-08-20 17:05:36,,invalid,4.0,,
2025,2025,34,C5,E02,C02,T04I,ARÁNDANO,FCM14-057,2025-08-19,28d5ae9d-1cac-4653-ac33-0b8a16cbd92a,2025-1,Frut. Maduro,,,4.6,2025-08-19 19:30:44,,invalid,4.0,,
2025,2025,34,C5,E02,C02,T04P,ARÁNDANO,FL-10-179,2025-08-19,10f7ed71-7b87-436c-b031-51ae76a4a332,2025-1,Frut. Maduro,,,4.06,2025-08-19 19:33:16,,invalid,4.0,,
2025,2025,34,C5,E02,C05,T01B,ARÁNDANO,SEKOYA POP,2025-08-19,dd54a6ff-adf3-41b2-8693-6f9bfdc0aa64,2025-1,Frut. Maduro,,,5.23,2025-08-19 19:39:11,,invalid,4.8,,
2025,2025,34,C5,E03,C06,T01J,ARÁNDANO,MEGAONE,2025-08-23,6764c2aa-ff6d-45df-b188-43bd0456e366,2025-1,Frut. Maduro,,,4.03,2025-08-23 18:12:12,,invalid,4.0,,
2025,2025,34,C5,E03,C06,T01K,ARÁNDANO,MEGAGEM,2025-08-22,fc978908-8b7d-4889-8bcb-1ee0c8293750,2025-1,Frut. Maduro,,,4.02,2025-08-22 20:11:53,,invalid,4.0,,
2025,2025,34,C6,E04,C02,T01A,ARÁNDANO,SEKOYA BEAUTY,2025-08-18,bdea80b5-37fc-4efc-b8c3-2c17f77ac29e,2025-1,Frut. Maduro,,,4.6,2025-08-18 22:08:31,,invalid,4.3,,
2025,2025,34,C6,E04,C02,T01A,ARÁNDANO,SEKOYA BEAUTY,2025-08-19,77ff843a-a4d0-45ae-9187-05ad01df5859,2025-1,Frut. Maduro,,,5.0,2025-08-19 20:09:04,,invalid,4.3,,
2025,2025,34,C6,E04,C02,T02A,ARÁNDANO,SEKOYA BEAUTY,2025-08-19,34c74a8f-825d-4576-81dd-f2cb175a8f54,2025-1,Frut. Maduro,,,5.15,2025-08-19 20:10:37,,invalid,4.3,,
2025,2025,34,C6,E04,C02,T03A,ARÁNDANO,SEKOYA BEAUTY,2025-08-22,1f9ec693-15e6-40e1-b347-0a1b74d6d700,2025-1,Frut. Maduro,,,4.59,2025-08-22 20:06:51,,invalid,4.3,,
2025,2025,34,C6,E04,C02,T03B,ARÁNDANO,SEKOYA POP,2025-08-19,d4371654-4f6a-4dd6-bdd7-46e3fbcb31db,2025-1,Frut. Maduro,,,4.9,2025-08-19 20:11:42,,invalid,4.8,,
2025,2025,34,C6,E04,C02,T04A,ARÁNDANO,SEKOYA BEAUTY,2025-08-22,ab4bebef-4af6-4f9f-bb0f-c4d698343a6e,2025-1,Frut. Maduro,,,4.5,2025-08-22 20:07:24,,invalid,4.3,,
2025,2025,34,C6,E04,C04,T02B,ARÁNDANO,SEKOYA POP,2025-08-23,d91cbeca-fe19-4f80-8e3f-835a5f817c8a,2025-1,Frut. Maduro,,,5.25,2025-08-23 18:16:06,,invalid,4.8,,
2025,2025,34,C6,E05,C03,T02B,ARÁNDANO,TERRAPIN,2025-08-19,49439fe5-0670-458c-874e-eb8431f8a600,2025-1,Fruto Cremoso,,,5.71,2025-08-19 20:21:02,,invalid,4.0,,
2025,2025,34,C6,E05,C03,T02D,ARÁNDANO,SEKOYA POP,2025-08-19,30126801-8130-448f-aa78-5bd04e0ff07a,2025-1,Frut. Maduro,,,4.86,2025-08-19 20:27:33,,invalid,4.8,,
2025,2025,35,A9,E07,C04,T05A,ARÁNDANO,SEKOYA BEAUTY,2025-08-27,3434b2cc-8d65-43ec-9040-9286565d69f5,2025-1,Frut. Maduro,,,4.59,2025-08-27 20:19:37,,invalid,4.3,,
2025,2025,35,A9,E07,C05,T02A,ARÁNDANO,SEKOYA POP,2025-08-29,26dc3c1b-4f73-479a-85fd-dfae3fa072f6,2025-1,Frut. Maduro,,,5.05,2025-08-29 20:34:38,,invalid,4.8,,
2025,2025,35,A9,E08,C02,T04A,ARÁNDANO,SEKOYA POP,2025-08-26,b9714a13-2664-4f29-bf6d-022f11c6b81d,2025-1,Frut. Maduro,,,4.81,2025-08-26 20:28:25,,invalid,4.8,,
2025,2025,35,C5,E02,C01,T03B,ARÁNDANO,BELLA,2025-08-25,ca6fa058-e34b-4813-94f2-2566833ca924,2025-1,Frut. Maduro,,,4.51,2025-08-25 20:41:02,,invalid,4.0,,
2025,2025,35,C5,E02,C01,T04A,ARÁNDANO,BELLA,2025-08-25,500a7729-96e0-46a7-abe1-86161b6499e1,2025-1,Frut. Maduro,,,4.73,2025-08-25 20:41:30,,invalid,4.0,,
2025,2025,35,C5,E02,C02,T04G,ARÁNDANO,FCM17-132,2025-08-28,361d9302-cd78-491a-bca4-70dc14e3c212,2025-1,Frut. Maduro,,,4.28,2025-08-28 20:16:38,,invalid,4.0,,
2025,2025,35,C5,E02,C02,T04I,ARÁNDANO,FCM14-057,2025-08-28,478e7577-fcb3-4824-b192-20be902b752f,2025-1,Frut. Maduro,,,4.86,2025-08-28 20:15:28,,invalid,4.0,,
2025,2025,35,C5,E02,C02,T04P,ARÁNDANO,FL-10-179,2025-08-28,a6ee1857-d4bc-4a51-8690-202124ad8c2f,2025-1,Frut. Maduro,,,4.72,2025-08-28 20:18:26,,invalid,4.0,,
2025,2025,35,C5,E02,C05,T01B,ARÁNDANO,SEKOYA POP,2025-08-28,0a6ec548-a3c7-48e8-92dc-a4f67f4a403f,2025-1,Frut. Maduro,,,5.33,2025-08-28 20:26:40,,invalid,4.8,,
2025,2025,35,C6,E04,C02,T01A,ARÁNDANO,SEKOYA BEAUTY,2025-08-28,b2eed3e6-db68-42be-86fb-9b4eae56574f,2025-1,Frut. Maduro,,,4.9,2025-08-28 20:29:55,,invalid,4.3,,
2025,2025,35,C6,E04,C02,T02A,ARÁNDANO,SEKOYA BEAUTY,2025-08-28,2214c91a-624a-4c8e-990a-2a661e3f566f,2025-1,Frut. Maduro,,,4.67,2025-08-28 20:30:35,,invalid,4.3,,
2025,2025,35,C6,E04,C02,T03A,ARÁNDANO,SEKOYA BEAUTY,2025-08-27,6efabde6-fa93-4ad9-9520-d73a938c84bd,2025-1,Frut. Maduro,,,5.1,2025-08-27 00:27:53,,invalid,4.3,,
2025,2025,35,C6,E04,C02,T04A,ARÁNDANO,SEKOYA BEAUTY,2025-08-27,5984224e-01a4-4641-ac25-2347ae997595,2025-1,Frut. Maduro,,,5.05,2025-08-27 00:28:39,,invalid,4.3,,
2025,2025,35,C6,E05,C03,T02D,ARÁNDANO,SEKOYA POP,2025-08-29,e64cf54b-ec42-4c4f-af1f-4584900acf7b,2025-1,Frut. Maduro,,,4.94,2025-08-29 20:11:12,,invalid,4.8,,
2025,2025,36,A9,E07,C04,T05A,ARÁNDANO,SEKOYA BEAUTY,2025-09-02,8b42853f-544f-4455-b932-3ad2a8e37c77,2025-1,Frut. Maduro,,,4.42,2025-09-02 20:44:41,,invalid,4.3,,
2025,2025,36,A9,E07,C06,T01A,ARÁNDANO,BIANCA,2025-09-01,b37fbc7e-81e4-44a3-bc5b-e4d513ef9ee8,2025-1,Frut. Maduro,,,4.72,2025-09-01 20:32:00,,invalid,4.5,,
2025,2025,36,A9,E07,C06,T02A,ARÁNDANO,BIANCA,2025-09-01,d8f4e50c-d6ea-4fc9-8db3-5cfdff9025b3,2025-1,Frut. Maduro,,,4.59,2025-09-01 20:32:35,,invalid,4.5,,
2025,2025,36,C5,E02,C01,T03B,ARÁNDANO,BELLA,2025-09-01,4977f923-f512-4dc6-affb-24c80b82d327,2025-1,Frut. Maduro,,,4.28,2025-09-01 20:15:03,,invalid,4.0,,
2025,2025,36,C5,E02,C01,T04A,ARÁNDANO,BELLA,2025-09-01,825faf42-7d31-41c7-83e1-859c649d4942,2025-1,Frut. Maduro,,,4.36,2025-09-01 20:15:41,,invalid,4.0,,
2025,2025,36,C5,E02,C02,T04G,ARÁNDANO,FCM17-132,2025-09-01,ebafc34f-8389-4ea6-9eff-0d81708c2524,2025-1,Frut. Maduro,,,4.72,2025-09-01 20:17:55,,invalid,4.0,,
2025,2025,36,C5,E02,C02,T04I,ARÁNDANO,FCM14-057,2025-09-05,a8670a0f-d0dc-44a1-9adb-b15324bc06c8,2025-1,Frut. Maduro,,,4.82,2025-09-05 19:48:31,,invalid,4.0,,
2025,2025,36,C5,E02,C02,T04I,ARÁNDANO,FCM14-057,2025-09-06,6eb8c60a-bc91-4be5-bc35-27c44fc93053,2025-1,Frut. Maduro,,,4.56,2025-09-06 17:41:13,,invalid,4.0,,
2025,2025,36,C5,E02,C02,T04O,ARÁNDANO,FL-11-158,2025-09-05,93a25476-6d46-4f71-aa28-aae941d41d2c,2025-1,Frut. Maduro,,,4.33,2025-09-05 19:49:17,,invalid,4.0,,
2025,2025,36,C5,E02,C02,T04O,ARÁNDANO,FL-11-158,2025-09-06,1e34bf3b-c9b9-481f-a705-8e418ad2d1b1,2025-1,Frut. Maduro,,,4.39,2025-09-06 17:42:06,,invalid,4.0,,
2025,2025,36,C5,E02,C02,T04P,ARÁNDANO,FL-10-179,2025-09-05,362ffdca-026e-4744-bd7c-5212260f2c97,2025-1,Frut. Maduro,,,4.48,2025-09-05 19:47:54,,invalid,4.0,,
2025,2025,36,C5,E03,C06,T01J,ARÁNDANO,MEGAONE,2025-09-03,6b46fb13-65f0-4f3d-8bc6-1faf00f35fcb,2025-1,Frut. Maduro,,,4.2,2025-09-03 17:37:08,,invalid,4.0,,
2025,2025,36,C6,E04,C02,T02A,ARÁNDANO,SEKOYA BEAUTY,2025-09-06,4011079f-1b24-43e6-bf5d-52aa090f065f,2025-1,Frut. Maduro,,,4.42,2025-09-06 17:54:13,,invalid,4.3,,
2025,2025,36,C6,E04,C02,T03A,ARÁNDANO,SEKOYA BEAUTY,2025-09-03,66c39a03-ce66-4bdf-a93c-f191fe008fcc,2025-1,Frut. Maduro,,,4.46,2025-09-03 15:56:59,,invalid,4.3,,
2025,2025,36,C6,E04,C02,T04A,ARÁNDANO,SEKOYA BEAUTY,2025-09-03,f1d3057b-0ec6-4feb-99a7-e3cff37cec64,2025-1,Frut. Maduro,,,4.46,2025-09-03 15:58:31,,invalid,4.3,,
2025,2025,36,C6,E04,C04,T02B,ARÁNDANO,SEKOYA POP,2025-09-05,7d501ca1-d354-482a-a95d-679e963be4de,2025-1,Frut. Maduro,,,4.97,2025-09-05 20:02:24,,invalid,4.8,,
2025,2025,36,C6,E05,C02,T07D,ARÁNDANO,SEKOYA POP,2025-09-06,f856b37f-19ac-417a-9ba7-c24488ef8bf6,2025-1,Frut. Maduro,,,6.28,2025-09-06 17:56:39,,invalid,4.8,,
2025,2025,36,C6,E05,C03,T02D,ARÁNDANO,SEKOYA POP,2025-09-02,7c1a9c21-ea22-4245-b66d-d072a95af874,2025-1,Frut. Maduro,,,5.26,2025-09-02 19:48:43,,invalid,4.8,,
2025,2025,37,C5,E02,C01,T03B,ARÁNDANO,BELLA,2025-09-09,3bfce4bf-370d-4130-9251-f59b340900a5,2025-1,Frut. Maduro,,,4.2,2025-09-09 19:25:18,,invalid,4.0,,
2025,2025,37,C5,E02,C01,T04A,ARÁNDANO,BELLA,2025-09-09,bd7d51c9-7c47-447d-89b8-49ee050ec501,2025-1,Frut. Maduro,,,4.2,2025-09-09 19:26:51,,invalid,4.0,,
2025,2025,37,C5,E02,C02,T04G,ARÁNDANO,FCM17-132,2025-09-12,754146de-617a-4b99-a872-395c1f71119b,2025-1,Frut. Maduro,,,4.11,2025-09-12 17:46:31,,invalid,4.0,,
2025,2025,37,C5,E02,C02,T04I,ARÁNDANO,FCM14-057,2025-09-13,4eab9cf7-7cca-4059-b877-ae5b4b1125d7,2025-1,Frut. Maduro,,,4.24,2025-09-13 17:00:20,,invalid,4.0,,
2025,2025,37,C5,E02,C02,T04P,ARÁNDANO,FL-10-179,2025-09-13,12ee86ed-30bb-45f3-ad64-5acaff032289,2025-1,Frut. Maduro,,,4.36,2025-09-13 17:00:54,,invalid,4.0,,
2025,2025,37,C5,E02,C05,T01B,ARÁNDANO,SEKOYA POP,2025-09-12,df93d5e7-ba45-4783-a33d-ea69e7281d77,2025-1,Frut. Maduro,,,4.98,2025-09-12 18:33:25,,invalid,4.8,,
2025,2025,37,C5,E02,C05,T01B,ARÁNDANO,SEKOYA POP,2025-09-13,649f5082-9683-414c-9318-7bef559b485b,2025-1,Frut. Maduro,,,5.81,2025-09-13 17:04:31,,invalid,4.8,,
2025,2025,37,C5,E02,C05,T03D,ARÁNDANO,SEKOYA POP,2025-09-13,67110c89-e170-4e09-85cd-f6374f58e014,2025-1,Frut. Maduro,,,5.0,2025-09-13 17:05:47,,invalid,4.8,,
2025,2025,37,C5,E03,C06,T01J,ARÁNDANO,MEGAONE,2025-09-12,1c4c28f4-9fe1-4b75-badc-d5149772f376,2025-1,Frut. Maduro,,,4.2,2025-09-12 18:59:22,,invalid,4.0,,
2025,2025,37,C6,E04,C02,T01A,ARÁNDANO,SEKOYA BEAUTY,2025-09-08,b1864d7a-576d-489c-a38a-328e6ac1d57a,2025-1,Frut. Maduro,,,4.39,2025-09-08 19:42:59,,invalid,4.3,,
2025,2025,37,C6,E04,C02,T02A,ARÁNDANO,SEKOYA BEAUTY,2025-09-08,3f380887-6198-4148-81bf-7549c821e2de,2025-1,Frut. Maduro,,,4.39,2025-09-08 19:44:21,,invalid,4.3,,
2025,2025,37,C6,E05,C02,T03B,ARÁNDANO,RAYMI,2025-09-13,fa7fde30-26fe-45a5-9ee6-4e47c9dd96f6,2025-1,Frut. Maduro,,,4.31,2025-09-13 17:16:45,,invalid,4.0,,
2025,2025,37,C6,E05,C02,T07D,ARÁNDANO,SEKOYA POP,2025-09-13,1b4b79ea-e2a8-4e5c-a175-0318632b2c82,2025-1,Frut. Maduro,,,6.0,2025-09-13 17:19:16,,invalid,4.8,,
2025,2025,37,C6,E05,C03,T02D,ARÁNDANO,SEKOYA POP,2025-09-13,51645592-8fca-4b7f-8b0b-141197c8f7c3,2025-1,Frut. Maduro,,,5.19,2025-09-13 17:23:25,,invalid,4.8,,
2025,2025,37,LN,E02,C06,T04A,ARÁNDANO,SEKOYA POP ORGÁNICA,2025-09-09,b796087d-2bf4-4863-bf8a-e79994f6b118,2025-1,% Pre Calibre,173.0,11.0,,2025-09-09 21:07:18,0.06358381,,,invalid,0.05
2025,2025,38,C5,E02,C01,T04A,ARÁNDANO,BELLA,2025-09-19,034e2d3e-fced-41f8-8185-6436af4ea3ad,2025-1,Frut. Maduro,,,4.03,2025-09-19 17:41:45,,invalid,4.0,,
2025,2025,38,C5,E02,C02,T04I,ARÁNDANO,FCM14-057,2025-09-16,94733822-ff62-4242-96ef-c45f75dc358d,2025-1,Frut. Maduro,,,4.53,2025-09-16 19:36:52,,invalid,4.0,,
2025,2025,38,C5,E02,C02,T04O,ARÁNDANO,FL-11-158,2025-09-17,bc854790-55b2-47bc-89ad-e1aabbc7079b,2025-1,Frut. Maduro,,,4.01,2025-09-17 20:01:51,,invalid,4.0,,
2025,2025,38,C5,E02,C02,T04S,ARÁNDANO,FCE15-087,2025-09-19,71c0d003-2ba1-41cc-875c-45663cb18c9d,2025-1,Frut. Maduro,,,5.11,2025-09-19 17:45:23,,invalid,4.0,,
2025,2025,38,C5,E03,C02,T02B,ARÁNDANO,SEKOYA BEAUTY,2025-09-18,ec588e4a-7349-43b8-9c18-7086fb86d4e7,2025-1,% Pre Calibre,194.0,15.0,,2025-09-18 19:37:32,0.077319585,,,invalid,0.05
2025,2025,38,C5,E03,C06,T01J,ARÁNDANO,MEGAONE,2025-09-20,41346503-19f2-4f34-b3cb-75447fb2a3e0,2025-1,Frut. Maduro,,,4.03,2025-09-20 17:23:10,,invalid,4.0,,
2025,2025,38,C6,E04,C02,T03A,ARÁNDANO,SEKOYA BEAUTY,2025-09-17,ce1ae7e0-0aba-4306-805d-5e2b79c4cf7d,2025-1,Frut. Maduro,,,4.42,2025-09-17 20:27:13,,invalid,4.3,,
2025,2025,38,C6,E04,C02,T04A,ARÁNDANO,SEKOYA BEAUTY,2025-09-17,de0941f0-5e34-422a-8e0e-dac5b083e5c0,2025-1,Frut. Maduro,,,4.55,2025-09-17 20:27:46,,invalid,4.3,,
2025,2025,38,C6,E05,C02,T07D,ARÁNDANO,SEKOYA POP,2025-09-18,0fc7e948-8644-465f-9ead-4825be7ef20d,2025-1,Frut. Maduro,,,6.42,2025-09-18 19:54:01,,invalid,4.8,,
2025,2025,38,C6,E05,C03,T02D,ARÁNDANO,SEKOYA POP,2025-09-16,51db4274-8823-4dc5-953b-0a4258a3b2a8,2025-1,Frut. Maduro,,,5.12,2025-09-16 20:32:07,,invalid,4.8,,
2025,2025,38,C6,E05,C03,T03C,ARÁNDANO,ARANA,2025-09-15,2eb5c489-f746-456d-8122-376119fc2049,2025-1,Frut. Maduro,,,4.24,2025-09-15 21:08:13,,invalid,4.0,,
2025,2025,38,C6,E05,C03,T03C,ARÁNDANO,ARANA,2025-09-16,3f94a14b-fea2-4553-b637-ebc1534ad892,2025-1,Frut. Maduro,,,4.1,2025-09-16 20:18:38,,invalid,4.0,,
2025,2025,38,C6,E05,C03,T03E,ARÁNDANO,ROSITA,2025-09-15,802cbce3-dcb2-45c3-af22-60c912b5c3dd,2025-1,Frut. Maduro,,,4.1,2025-09-15 21:04:30,,invalid,4.0,,
2025,2025,38,C6,E05,C03,T03E,ARÁNDANO,ROSITA,2025-09-16,ff1af998-2668-4bfa-87e5-3427f7453172,2025-1,Frut. Maduro,,,4.43,2025-09-16 20:19:43,,invalid,4.0,,
